2026/1/1,2026/2月給与連携,提出締め切り2026/1/20
2026/1/2,2026/2月給与連携,提出締め切り2026/1/20
2026/1/3,2026/2月給与連携,提出締め切り2026/1/20
2026/1/4,2026/2月給与連携,提出締め切り2026/1/20
2026/1/5,2026/2月給与連携,提出締め切り2026/1/20
2026/1/6,2026/2月給与連携,提出締め切り2026/1/20
2026/1/7,2026/2月給与連携,提出締め切り2026/1/20
2026/1/8,2026/2月給与連携,提出締め切り2026/1/20
2026/1/9,2026/2月給与連携,提出締め切り2026/1/20
2026/1/10,2026/2月給与連携,提出締め切り2026/1/20
2026/1/11,2026/2月給与連携,提出締め切り2026/1/20
2026/1/12,2026/2月給与連携,提出締め切り2026/1/20
2026/1/13,2026/2月給与連携,提出締め切り2026/1/20
2026/1/14,2026/2月給与連携,提出締め切り2026/1/20
2026/1/15,2026/2月給与連携,提出締め切り2026/1/20
2026/1/16,2026/2月給与連携,提出締め切り2026/1/20
2026/1/17,2026/2月給与連携,提出締め切り2026/1/20
2026/1/18,2026/2月給与連携,提出締め切り2026/1/20
2026/1/19,2026/2月給与連携,提出締め切り2026/1/20
2026/1/20,2026/2月給与連携,提出締め切り2026/1/20
2026/1/21,2026/3月給与連携,提出締め切り2026/2/20
2026/1/22,2026/3月給与連携,提出締め切り2026/2/20
2026/1/23,2026/3月給与連携,提出締め切り2026/2/20
2026/1/24,2026/3月給与連携,提出締め切り2026/2/20
2026/1/25,2026/3月給与連携,提出締め切り2026/2/20
2026/1/26,2026/3月給与連携,提出締め切り2026/2/20
2026/1/27,2026/3月給与連携,提出締め切り2026/2/20
2026/1/28,2026/3月給与連携,提出締め切り2026/2/20
2026/1/29,2026/3月給与連携,提出締め切り2026/2/20
2026/1/30,2026/3月給与連携,提出締め切り2026/2/20
2026/1/31,2026/3月給与連携,提出締め切り2026/2/20
2026/2/1,2026/3月給与連携,提出締め切り2026/2/20
2026/2/2,2026/3月給与連携,提出締め切り2026/2/20
2026/2/3,2026/3月給与連携,提出締め切り2026/2/20
2026/2/4,2026/3月給与連携,提出締め切り2026/2/20
2026/2/5,2026/3月給与連携,提出締め切り2026/2/20
2026/2/6,2026/3月給与連携,提出締め切り2026/2/20
2026/2/7,2026/3月給与連携,提出締め切り2026/2/20
2026/2/8,2026/3月給与連携,提出締め切り2026/2/20
2026/2/9,2026/3月給与連携,提出締め切り2026/2/20
2026/2/10,2026/3月給与連携,提出締め切り2026/2/20
2026/2/11,2026/3月給与連携,提出締め切り2026/2/20
2026/2/12,2026/3月給与連携,提出締め切り2026/2/20
2026/2/13,2026/3月給与連携,提出締め切り2026/2/20
2026/2/14,2026/3月給与連携,提出締め切り2026/2/20
2026/2/15,2026/3月給与連携,提出締め切り2026/2/20
2026/2/16,2026/3月給与連携,提出締め切り2026/2/20
2026/2/17,2026/3月給与連携,提出締め切り2026/2/20
2026/2/18,2026/3月給与連携,提出締め切り2026/2/20
2026/2/19,2026/3月給与連携,提出締め切り2026/2/20
2026/2/20,2026/3月給与連携,提出締め切り2026/2/20
2026/2/21,2026/4月給与連携,提出締め切り2026/3/19
2026/2/22,2026/4月給与連携,提出締め切り2026/3/19
2026/2/23,2026/4月給与連携,提出締め切り2026/3/19
2026/2/24,2026/4月給与連携,提出締め切り2026/3/19
2026/2/25,2026/4月給与連携,提出締め切り2026/3/19
2026/2/26,2026/4月給与連携,提出締め切り2026/3/19
2026/2/27,2026/4月給与連携,提出締め切り2026/3/19
2026/2/28,2026/4月給与連携,提出締め切り2026/3/19
2026/3/1,2026/4月給与連携,提出締め切り2026/3/19
2026/3/2,2026/4月給与連携,提出締め切り2026/3/19
2026/3/3,2026/4月給与連携,提出締め切り2026/3/19
2026/3/4,2026/4月給与連携,提出締め切り2026/3/19
2026/3/5,2026/4月給与連携,提出締め切り2026/3/19
2026/3/6,2026/4月給与連携,提出締め切り2026/3/19
2026/3/7,2026/4月給与連携,提出締め切り2026/3/19
2026/3/8,2026/4月給与連携,提出締め切り2026/3/19
2026/3/9,2026/4月給与連携,提出締め切り2026/3/19
2026/3/10,2026/4月給与連携,提出締め切り2026/3/19
2026/3/11,2026/4月給与連携,提出締め切り2026/3/19
2026/3/12,2026/4月給与連携,提出締め切り2026/3/19
2026/3/13,2026/4月給与連携,提出締め切り2026/3/19
2026/3/14,2026/4月給与連携,提出締め切り2026/3/19
2026/3/15,2026/4月給与連携,提出締め切り2026/3/19
2026/3/16,2026/4月給与連携,提出締め切り2026/3/19
2026/3/17,2026/4月給与連携,提出締め切り2026/3/19
2026/3/18,2026/4月給与連携,提出締め切り2026/3/19
2026/3/19,2026/4月給与連携,提出締め切り2026/3/19
2026/3/20,2026/5月給与連携,提出締め切り2026/4/20
2026/3/21,2026/5月給与連携,提出締め切り2026/4/20
2026/3/22,2026/5月給与連携,提出締め切り2026/4/20
2026/3/23,2026/5月給与連携,提出締め切り2026/4/20
2026/3/24,2026/5月給与連携,提出締め切り2026/4/20
2026/3/25,2026/5月給与連携,提出締め切り2026/4/20
2026/3/26,2026/5月給与連携,提出締め切り2026/4/20
2026/3/27,2026/5月給与連携,提出締め切り2026/4/20
2026/3/28,2026/5月給与連携,提出締め切り2026/4/20
2026/3/29,2026/5月給与連携,提出締め切り2026/4/20
2026/3/30,2026/5月給与連携,提出締め切り2026/4/20
2026/3/31,2026/5月給与連携,提出締め切り2026/4/20
2026/4/1,2026/5月給与連携,提出締め切り2026/4/20
2026/4/2,2026/5月給与連携,提出締め切り2026/4/20
2026/4/3,2026/5月給与連携,提出締め切り2026/4/20
2026/4/4,2026/5月給与連携,提出締め切り2026/4/20
2026/4/5,2026/5月給与連携,提出締め切り2026/4/20
2026/4/6,2026/5月給与連携,提出締め切り2026/4/20
2026/4/7,2026/5月給与連携,提出締め切り2026/4/20
2026/4/8,2026/5月給与連携,提出締め切り2026/4/20
2026/4/9,2026/5月給与連携,提出締め切り2026/4/20
2026/4/10,2026/5月給与連携,提出締め切り2026/4/20
2026/4/11,2026/5月給与連携,提出締め切り2026/4/20
2026/4/12,2026/5月給与連携,提出締め切り2026/4/20
2026/4/13,2026/5月給与連携,提出締め切り2026/4/20
2026/4/14,2026/5月給与連携,提出締め切り2026/4/20
2026/4/15,2026/5月給与連携,提出締め切り2026/4/20
2026/4/16,2026/5月給与連携,提出締め切り2026/4/20
2026/4/17,2026/5月給与連携,提出締め切り2026/4/20
2026/4/18,2026/5月給与連携,提出締め切り2026/4/20
2026/4/19,2026/5月給与連携,提出締め切り2026/4/20
2026/4/20,2026/5月給与連携,提出締め切り2026/4/20
2026/4/21,2026/6月給与連携,提出締め切り2026/5/20
2026/4/22,2026/6月給与連携,提出締め切り2026/5/20
2026/4/23,2026/6月給与連携,提出締め切り2026/5/20
2026/4/24,2026/6月給与連携,提出締め切り2026/5/20
2026/4/25,2026/6月給与連携,提出締め切り2026/5/20
2026/4/26,2026/6月給与連携,提出締め切り2026/5/20
2026/4/27,2026/6月給与連携,提出締め切り2026/5/20
2026/4/28,2026/6月給与連携,提出締め切り2026/5/20
2026/4/29,2026/6月給与連携,提出締め切り2026/5/20
2026/4/30,2026/6月給与連携,提出締め切り2026/5/20
2026/5/1,2026/6月給与連携,提出締め切り2026/5/20
2026/5/2,2026/6月給与連携,提出締め切り2026/5/20
2026/5/3,2026/6月給与連携,提出締め切り2026/5/20
2026/5/4,2026/6月給与連携,提出締め切り2026/5/20
2026/5/5,2026/6月給与連携,提出締め切り2026/5/20
2026/5/6,2026/6月給与連携,提出締め切り2026/5/20
2026/5/7,2026/6月給与連携,提出締め切り2026/5/20
2026/5/8,2026/6月給与連携,提出締め切り2026/5/20
2026/5/9,2026/6月給与連携,提出締め切り2026/5/20
2026/5/10,2026/6月給与連携,提出締め切り2026/5/20
2026/5/11,2026/6月給与連携,提出締め切り2026/5/20
2026/5/12,2026/6月給与連携,提出締め切り2026/5/20
2026/5/13,2026/6月給与連携,提出締め切り2026/5/20
2026/5/14,2026/6月給与連携,提出締め切り2026/5/20
2026/5/15,2026/6月給与連携,提出締め切り2026/5/20
2026/5/16,2026/6月給与連携,提出締め切り2026/5/20
2026/5/17,2026/6月給与連携,提出締め切り2026/5/20
2026/5/18,2026/6月給与連携,提出締め切り2026/5/20
2026/5/19,2026/6月給与連携,提出締め切り2026/5/20
2026/5/20,2026/6月給与連携,提出締め切り2026/5/20
2026/5/21,2026/7月給与連携,提出締め切り2026/6/19
2026/5/22,2026/7月給与連携,提出締め切り2026/6/19
2026/5/23,2026/7月給与連携,提出締め切り2026/6/19
2026/5/24,2026/7月給与連携,提出締め切り2026/6/19
2026/5/25,2026/7月給与連携,提出締め切り2026/6/19
2026/5/26,2026/7月給与連携,提出締め切り2026/6/19
2026/5/27,2026/7月給与連携,提出締め切り2026/6/19
2026/5/28,2026/7月給与連携,提出締め切り2026/6/19
2026/5/29,2026/7月給与連携,提出締め切り2026/6/19
2026/5/30,2026/7月給与連携,提出締め切り2026/6/19
2026/5/31,2026/7月給与連携,提出締め切り2026/6/19
2026/6/1,2026/7月給与連携,提出締め切り2026/6/19
2026/6/2,2026/7月給与連携,提出締め切り2026/6/19
2026/6/3,2026/7月給与連携,提出締め切り2026/6/19
2026/6/4,2026/7月給与連携,提出締め切り2026/6/19
2026/6/5,2026/7月給与連携,提出締め切り2026/6/19
2026/6/6,2026/7月給与連携,提出締め切り2026/6/19
2026/6/7,2026/7月給与連携,提出締め切り2026/6/19
2026/6/8,2026/7月給与連携,提出締め切り2026/6/19
2026/6/9,2026/7月給与連携,提出締め切り2026/6/19
2026/6/10,2026/7月給与連携,提出締め切り2026/6/19
2026/6/11,2026/7月給与連携,提出締め切り2026/6/19
2026/6/12,2026/7月給与連携,提出締め切り2026/6/19
2026/6/13,2026/7月給与連携,提出締め切り2026/6/19
2026/6/14,2026/7月給与連携,提出締め切り2026/6/19
2026/6/15,2026/7月給与連携,提出締め切り2026/6/19
2026/6/16,2026/7月給与連携,提出締め切り2026/6/19
2026/6/17,2026/7月給与連携,提出締め切り2026/6/19
2026/6/18,2026/7月給与連携,提出締め切り2026/6/19
2026/6/19,2026/7月給与連携,提出締め切り2026/6/19
2026/6/20,2026/8月給与連携,提出締め切り2026/7/17
2026/6/21,2026/8月給与連携,提出締め切り2026/7/17
2026/6/22,2026/8月給与連携,提出締め切り2026/7/17
2026/6/23,2026/8月給与連携,提出締め切り2026/7/17
2026/6/24,2026/8月給与連携,提出締め切り2026/7/17
2026/6/25,2026/8月給与連携,提出締め切り2026/7/17
2026/6/26,2026/8月給与連携,提出締め切り2026/7/17
2026/6/27,2026/8月給与連携,提出締め切り2026/7/17
2026/6/28,2026/8月給与連携,提出締め切り2026/7/17
2026/6/29,2026/8月給与連携,提出締め切り2026/7/17
2026/6/30,2026/8月給与連携,提出締め切り2026/7/17
2026/7/1,2026/8月給与連携,提出締め切り2026/7/17
2026/7/2,2026/8月給与連携,提出締め切り2026/7/17
2026/7/3,2026/8月給与連携,提出締め切り2026/7/17
2026/7/4,2026/8月給与連携,提出締め切り2026/7/17
2026/7/5,2026/8月給与連携,提出締め切り2026/7/17
2026/7/6,2026/8月給与連携,提出締め切り2026/7/17
2026/7/7,2026/8月給与連携,提出締め切り2026/7/17
2026/7/8,2026/8月給与連携,提出締め切り2026/7/17
2026/7/9,2026/8月給与連携,提出締め切り2026/7/17
2026/7/10,2026/8月給与連携,提出締め切り2026/7/17
2026/7/11,2026/8月給与連携,提出締め切り2026/7/17
2026/7/12,2026/8月給与連携,提出締め切り2026/7/17
2026/7/13,2026/8月給与連携,提出締め切り2026/7/17
2026/7/14,2026/8月給与連携,提出締め切り2026/7/17
2026/7/15,2026/8月給与連携,提出締め切り2026/7/17
2026/7/16,2026/8月給与連携,提出締め切り2026/7/17
2026/7/17,2026/8月給与連携,提出締め切り2026/7/17
2026/7/18,2026/9月給与連携,提出締め切り2026/8/20
2026/7/19,2026/9月給与連携,提出締め切り2026/8/20
2026/7/20,2026/9月給与連携,提出締め切り2026/8/20
2026/7/21,2026/9月給与連携,提出締め切り2026/8/20
2026/7/22,2026/9月給与連携,提出締め切り2026/8/20
2026/7/23,2026/9月給与連携,提出締め切り2026/8/20
2026/7/24,2026/9月給与連携,提出締め切り2026/8/20
2026/7/25,2026/9月給与連携,提出締め切り2026/8/20
2026/7/26,2026/9月給与連携,提出締め切り2026/8/20
2026/7/27,2026/9月給与連携,提出締め切り2026/8/20
2026/7/28,2026/9月給与連携,提出締め切り2026/8/20
2026/7/29,2026/9月給与連携,提出締め切り2026/8/20
2026/7/30,2026/9月給与連携,提出締め切り2026/8/20
2026/7/31,2026/9月給与連携,提出締め切り2026/8/20
2026/8/1,2026/9月給与連携,提出締め切り2026/8/20
2026/8/2,2026/9月給与連携,提出締め切り2026/8/20
2026/8/3,2026/9月給与連携,提出締め切り2026/8/20
2026/8/4,2026/9月給与連携,提出締め切り2026/8/20
2026/8/5,2026/9月給与連携,提出締め切り2026/8/20
2026/8/6,2026/9月給与連携,提出締め切り2026/8/20
2026/8/7,2026/9月給与連携,提出締め切り2026/8/20
2026/8/8,2026/9月給与連携,提出締め切り2026/8/20
2026/8/9,2026/9月給与連携,提出締め切り2026/8/20
2026/8/10,2026/9月給与連携,提出締め切り2026/8/20
2026/8/11,2026/9月給与連携,提出締め切り2026/8/20
2026/8/12,2026/9月給与連携,提出締め切り2026/8/20
2026/8/13,2026/9月給与連携,提出締め切り2026/8/20
2026/8/14,2026/9月給与連携,提出締め切り2026/8/20
2026/8/15,2026/9月給与連携,提出締め切り2026/8/20
2026/8/16,2026/9月給与連携,提出締め切り2026/8/20
2026/8/17,2026/9月給与連携,提出締め切り2026/8/20
2026/8/18,2026/9月給与連携,提出締め切り2026/8/20
2026/8/19,2026/9月給与連携,提出締め切り2026/8/20
2026/8/20,2026/9月給与連携,提出締め切り2026/8/20
2026/8/21,2026/10月給与連携,提出締め切り2026/9/18
2026/8/22,2026/10月給与連携,提出締め切り2026/9/18
2026/8/23,2026/10月給与連携,提出締め切り2026/9/18
2026/8/24,2026/10月給与連携,提出締め切り2026/9/18
2026/8/25,2026/10月給与連携,提出締め切り2026/9/18
2026/8/26,2026/10月給与連携,提出締め切り2026/9/18
2026/8/27,2026/10月給与連携,提出締め切り2026/9/18
2026/8/28,2026/10月給与連携,提出締め切り2026/9/18
2026/8/29,2026/10月給与連携,提出締め切り2026/9/18
2026/8/30,2026/10月給与連携,提出締め切り2026/9/18
2026/8/31,2026/10月給与連携,提出締め切り2026/9/18
2026/9/1,2026/10月給与連携,提出締め切り2026/9/18
2026/9/2,2026/10月給与連携,提出締め切り2026/9/18
2026/9/3,2026/10月給与連携,提出締め切り2026/9/18
2026/9/4,2026/10月給与連携,提出締め切り2026/9/18
2026/9/5,2026/10月給与連携,提出締め切り2026/9/18
2026/9/6,2026/10月給与連携,提出締め切り2026/9/18
2026/9/7,2026/10月給与連携,提出締め切り2026/9/18
2026/9/8,2026/10月給与連携,提出締め切り2026/9/18
2026/9/9,2026/10月給与連携,提出締め切り2026/9/18
2026/9/10,2026/10月給与連携,提出締め切り2026/9/18
2026/9/11,2026/10月給与連携,提出締め切り2026/9/18
2026/9/12,2026/10月給与連携,提出締め切り2026/9/18
2026/9/13,2026/10月給与連携,提出締め切り2026/9/18
2026/9/14,2026/10月給与連携,提出締め切り2026/9/18
2026/9/15,2026/10月給与連携,提出締め切り2026/9/18
2026/9/16,2026/10月給与連携,提出締め切り2026/9/18
2026/9/17,2026/10月給与連携,提出締め切り2026/9/18
2026/9/18,2026/10月給与連携,提出締め切り2026/9/18
2026/9/19,2026/11月給与連携,提出締め切り2026/10/20
2026/9/20,2026/11月給与連携,提出締め切り2026/10/20
2026/9/21,2026/11月給与連携,提出締め切り2026/10/20
2026/9/22,2026/11月給与連携,提出締め切り2026/10/20
2026/9/23,2026/11月給与連携,提出締め切り2026/10/20
2026/9/24,2026/11月給与連携,提出締め切り2026/10/20
2026/9/25,2026/11月給与連携,提出締め切り2026/10/20
2026/9/26,2026/11月給与連携,提出締め切り2026/10/20
2026/9/27,2026/11月給与連携,提出締め切り2026/10/20
2026/9/28,2026/11月給与連携,提出締め切り2026/10/20
2026/9/29,2026/11月給与連携,提出締め切り2026/10/20
2026/9/30,2026/11月給与連携,提出締め切り2026/10/20
2026/10/1,2026/11月給与連携,提出締め切り2026/10/20
2026/10/2,2026/11月給与連携,提出締め切り2026/10/20
2026/10/3,2026/11月給与連携,提出締め切り2026/10/20
2026/10/4,2026/11月給与連携,提出締め切り2026/10/20
2026/10/5,2026/11月給与連携,提出締め切り2026/10/20
2026/10/6,2026/11月給与連携,提出締め切り2026/10/20
2026/10/7,2026/11月給与連携,提出締め切り2026/10/20
2026/10/8,2026/11月給与連携,提出締め切り2026/10/20
2026/10/9,2026/11月給与連携,提出締め切り2026/10/20
2026/10/10,2026/11月給与連携,提出締め切り2026/10/20
2026/10/11,2026/11月給与連携,提出締め切り2026/10/20
2026/10/12,2026/11月給与連携,提出締め切り2026/10/20
2026/10/13,2026/11月給与連携,提出締め切り2026/10/20
2026/10/14,2026/11月給与連携,提出締め切り2026/10/20
2026/10/15,2026/11月給与連携,提出締め切り2026/10/20
2026/10/16,2026/11月給与連携,提出締め切り2026/10/20
2026/10/17,2026/11月給与連携,提出締め切り2026/10/20
2026/10/18,2026/11月給与連携,提出締め切り2026/10/20
2026/10/19,2026/11月給与連携,提出締め切り2026/10/20
2026/10/20,2026/11月給与連携,提出締め切り2026/10/20
2026/10/21,2026/12月給与連携,提出締め切り2026/11/20
2026/10/22,2026/12月給与連携,提出締め切り2026/11/20
2026/10/23,2026/12月給与連携,提出締め切り2026/11/20
2026/10/24,2026/12月給与連携,提出締め切り2026/11/20
2026/10/25,2026/12月給与連携,提出締め切り2026/11/20
2026/10/26,2026/12月給与連携,提出締め切り2026/11/20
2026/10/27,2026/12月給与連携,提出締め切り2026/11/20
2026/10/28,2026/12月給与連携,提出締め切り2026/11/20
2026/10/29,2026/12月給与連携,提出締め切り2026/11/20
2026/10/30,2026/12月給与連携,提出締め切り2026/11/20
2026/10/31,2026/12月給与連携,提出締め切り2026/11/20
2026/11/1,2026/12月給与連携,提出締め切り2026/11/20
2026/11/2,2026/12月給与連携,提出締め切り2026/11/20
2026/11/3,2026/12月給与連携,提出締め切り2026/11/20
2026/11/4,2026/12月給与連携,提出締め切り2026/11/20
2026/11/5,2026/12月給与連携,提出締め切り2026/11/20
2026/11/6,2026/12月給与連携,提出締め切り2026/11/20
2026/11/7,2026/12月給与連携,提出締め切り2026/11/20
2026/11/8,2026/12月給与連携,提出締め切り2026/11/20
2026/11/9,2026/12月給与連携,提出締め切り2026/11/20
2026/11/10,2026/12月給与連携,提出締め切り2026/11/20
2026/11/11,2026/12月給与連携,提出締め切り2026/11/20
2026/11/12,2026/12月給与連携,提出締め切り2026/11/20
2026/11/13,2026/12月給与連携,提出締め切り2026/11/20
2026/11/14,2026/12月給与連携,提出締め切り2026/11/20
2026/11/15,2026/12月給与連携,提出締め切り2026/11/20
2026/11/16,2026/12月給与連携,提出締め切り2026/11/20
2026/11/17,2026/12月給与連携,提出締め切り2026/11/20
2026/11/18,2026/12月給与連携,提出締め切り2026/11/20
2026/11/19,2026/12月給与連携,提出締め切り2026/11/20
2026/11/20,2026/12月給与連携,提出締め切り2026/11/20
2026/11/21,2027/1月給与連携,提出締め切り2026/12/18
2026/11/22,2027/1月給与連携,提出締め切り2026/12/18
2026/11/23,2027/1月給与連携,提出締め切り2026/12/18
2026/11/24,2027/1月給与連携,提出締め切り2026/12/18
2026/11/25,2027/1月給与連携,提出締め切り2026/12/18
2026/11/26,2027/1月給与連携,提出締め切り2026/12/18
2026/11/27,2027/1月給与連携,提出締め切り2026/12/18
2026/11/28,2027/1月給与連携,提出締め切り2026/12/18
2026/11/29,2027/1月給与連携,提出締め切り2026/12/18
2026/11/30,2027/1月給与連携,提出締め切り2026/12/18
2026/12/1,2027/1月給与連携,提出締め切り2026/12/18
2026/12/2,2027/1月給与連携,提出締め切り2026/12/18
2026/12/3,2027/1月給与連携,提出締め切り2026/12/18
2026/12/4,2027/1月給与連携,提出締め切り2026/12/18
2026/12/5,2027/1月給与連携,提出締め切り2026/12/18
2026/12/6,2027/1月給与連携,提出締め切り2026/12/18
2026/12/7,2027/1月給与連携,提出締め切り2026/12/18
2026/12/8,2027/1月給与連携,提出締め切り2026/12/18
2026/12/9,2027/1月給与連携,提出締め切り2026/12/18
2026/12/10,2027/1月給与連携,提出締め切り2026/12/18
2026/12/11,2027/1月給与連携,提出締め切り2026/12/18
2026/12/12,2027/1月給与連携,提出締め切り2026/12/18
2026/12/13,2027/1月給与連携,提出締め切り2026/12/18
2026/12/14,2027/1月給与連携,提出締め切り2026/12/18
2026/12/15,2027/1月給与連携,提出締め切り2026/12/18
2026/12/16,2027/1月給与連携,提出締め切り2026/12/18
2026/12/17,2027/1月給与連携,提出締め切り2026/12/18
2026/12/18,2027/1月給与連携,提出締め切り2026/12/18
2026/12/19,2027/2月給与連携,提出締め切り2027/1/20
2026/12/20,2027/2月給与連携,提出締め切り2027/1/20
2026/12/21,2027/2月給与連携,提出締め切り2027/1/20
2026/12/22,2027/2月給与連携,提出締め切り2027/1/20
2026/12/23,2027/2月給与連携,提出締め切り2027/1/20
2026/12/24,2027/2月給与連携,提出締め切り2027/1/20
2026/12/25,2027/2月給与連携,提出締め切り2027/1/20
2026/12/26,2027/2月給与連携,提出締め切り2027/1/20
2026/12/27,2027/2月給与連携,提出締め切り2027/1/20
2026/12/28,2027/2月給与連携,提出締め切り2027/1/20
2026/12/29,2027/2月給与連携,提出締め切り2027/1/20
2026/12/30,2027/2月給与連携,提出締め切り2027/1/20
2026/12/31,2027/2月給与連携,提出締め切り2027/1/20
2027/1/1,2027/2月給与連携,提出締め切り2027/1/20
2027/1/2,2027/2月給与連携,提出締め切り2027/1/20
2027/1/3,2027/2月給与連携,提出締め切り2027/1/20
2027/1/4,2027/2月給与連携,提出締め切り2027/1/20
2027/1/5,2027/2月給与連携,提出締め切り2027/1/20
2027/1/6,2027/2月給与連携,提出締め切り2027/1/20
2027/1/7,2027/2月給与連携,提出締め切り2027/1/20
2027/1/8,2027/2月給与連携,提出締め切り2027/1/20
2027/1/9,2027/2月給与連携,提出締め切り2027/1/20
2027/1/10,2027/2月給与連携,提出締め切り2027/1/20
2027/1/11,2027/2月給与連携,提出締め切り2027/1/20
2027/1/12,2027/2月給与連携,提出締め切り2027/1/20
2027/1/13,2027/2月給与連携,提出締め切り2027/1/20
2027/1/14,2027/2月給与連携,提出締め切り2027/1/20
2027/1/15,2027/2月給与連携,提出締め切り2027/1/20
2027/1/16,2027/2月給与連携,提出締め切り2027/1/20
2027/1/17,2027/2月給与連携,提出締め切り2027/1/20
2027/1/18,2027/2月給与連携,提出締め切り2027/1/20
2027/1/19,2027/2月給与連携,提出締め切り2027/1/20
2027/1/20,2027/2月給与連携,提出締め切り2027/1/20
2027/1/21,2027/3月給与連携,提出締め切り2027/2/19
2027/1/22,2027/3月給与連携,提出締め切り2027/2/19
2027/1/23,2027/3月給与連携,提出締め切り2027/2/19
2027/1/24,2027/3月給与連携,提出締め切り2027/2/19
2027/1/25,2027/3月給与連携,提出締め切り2027/2/19
2027/1/26,2027/3月給与連携,提出締め切り2027/2/19
2027/1/27,2027/3月給与連携,提出締め切り2027/2/19
2027/1/28,2027/3月給与連携,提出締め切り2027/2/19
2027/1/29,2027/3月給与連携,提出締め切り2027/2/19
2027/1/30,2027/3月給与連携,提出締め切り2027/2/19
2027/1/31,2027/3月給与連携,提出締め切り2027/2/19
2027/2/1,2027/3月給与連携,提出締め切り2027/2/19
2027/2/2,2027/3月給与連携,提出締め切り2027/2/19
2027/2/3,2027/3月給与連携,提出締め切り2027/2/19
2027/2/4,2027/3月給与連携,提出締め切り2027/2/19
2027/2/5,2027/3月給与連携,提出締め切り2027/2/19
2027/2/6,2027/3月給与連携,提出締め切り2027/2/19
2027/2/7,2027/3月給与連携,提出締め切り2027/2/19
2027/2/8,2027/3月給与連携,提出締め切り2027/2/19
2027/2/9,2027/3月給与連携,提出締め切り2027/2/19
2027/2/10,2027/3月給与連携,提出締め切り2027/2/19
2027/2/11,2027/3月給与連携,提出締め切り2027/2/19
2027/2/12,2027/3月給与連携,提出締め切り2027/2/19
2027/2/13,2027/3月給与連携,提出締め切り2027/2/19
2027/2/14,2027/3月給与連携,提出締め切り2027/2/19
2027/2/15,2027/3月給与連携,提出締め切り2027/2/19
2027/2/16,2027/3月給与連携,提出締め切り2027/2/19
2027/2/17,2027/3月給与連携,提出締め切り2027/2/19
2027/2/18,2027/3月給与連携,提出締め切り2027/2/19
2027/2/19,2027/3月給与連携,提出締め切り2027/2/19
2027/2/20,2027/4月給与連携,提出締め切り2027/3/19
2027/2/21,2027/4月給与連携,提出締め切り2027/3/19
2027/2/22,2027/4月給与連携,提出締め切り2027/3/19
2027/2/23,2027/4月給与連携,提出締め切り2027/3/19
2027/2/24,2027/4月給与連携,提出締め切り2027/3/19
2027/2/25,2027/4月給与連携,提出締め切り2027/3/19
2027/2/26,2027/4月給与連携,提出締め切り2027/3/19
2027/2/27,2027/4月給与連携,提出締め切り2027/3/19
2027/2/28,2027/4月給与連携,提出締め切り2027/3/19
2027/3/1,2027/4月給与連携,提出締め切り2027/3/19
2027/3/2,2027/4月給与連携,提出締め切り2027/3/19
2027/3/3,2027/4月給与連携,提出締め切り2027/3/19
2027/3/4,2027/4月給与連携,提出締め切り2027/3/19
2027/3/5,2027/4月給与連携,提出締め切り2027/3/19
2027/3/6,2027/4月給与連携,提出締め切り2027/3/19
2027/3/7,2027/4月給与連携,提出締め切り2027/3/19
2027/3/8,2027/4月給与連携,提出締め切り2027/3/19
2027/3/9,2027/4月給与連携,提出締め切り2027/3/19
2027/3/10,2027/4月給与連携,提出締め切り2027/3/19
2027/3/11,2027/4月給与連携,提出締め切り2027/3/19
2027/3/12,2027/4月給与連携,提出締め切り2027/3/19
2027/3/13,2027/4月給与連携,提出締め切り2027/3/19
2027/3/14,2027/4月給与連携,提出締め切り2027/3/19
2027/3/15,2027/4月給与連携,提出締め切り2027/3/19
2027/3/16,2027/4月給与連携,提出締め切り2027/3/19
2027/3/17,2027/4月給与連携,提出締め切り2027/3/19
2027/3/18,2027/4月給与連携,提出締め切り2027/3/19
2027/3/19,2027/4月給与連携,提出締め切り2027/3/19
2027/3/20,2027/5月給与連携,提出締め切り2027/4/20
2027/3/21,2027/5月給与連携,提出締め切り2027/4/20
2027/3/22,2027/5月給与連携,提出締め切り2027/4/20
2027/3/23,2027/5月給与連携,提出締め切り2027/4/20
2027/3/24,2027/5月給与連携,提出締め切り2027/4/20
2027/3/25,2027/5月給与連携,提出締め切り2027/4/20
2027/3/26,2027/5月給与連携,提出締め切り2027/4/20
2027/3/27,2027/5月給与連携,提出締め切り2027/4/20
2027/3/28,2027/5月給与連携,提出締め切り2027/4/20
2027/3/29,2027/5月給与連携,提出締め切り2027/4/20
2027/3/30,2027/5月給与連携,提出締め切り2027/4/20
2027/3/31,2027/5月給与連携,提出締め切り2027/4/20
2027/4/1,2027/5月給与連携,提出締め切り2027/4/20
2027/4/2,2027/5月給与連携,提出締め切り2027/4/20
2027/4/3,2027/5月給与連携,提出締め切り2027/4/20
2027/4/4,2027/5月給与連携,提出締め切り2027/4/20
2027/4/5,2027/5月給与連携,提出締め切り2027/4/20
2027/4/6,2027/5月給与連携,提出締め切り2027/4/20
2027/4/7,2027/5月給与連携,提出締め切り2027/4/20
2027/4/8,2027/5月給与連携,提出締め切り2027/4/20
2027/4/9,2027/5月給与連携,提出締め切り2027/4/20
2027/4/10,2027/5月給与連携,提出締め切り2027/4/20
2027/4/11,2027/5月給与連携,提出締め切り2027/4/20
2027/4/12,2027/5月給与連携,提出締め切り2027/4/20
2027/4/13,2027/5月給与連携,提出締め切り2027/4/20
2027/4/14,2027/5月給与連携,提出締め切り2027/4/20
2027/4/15,2027/5月給与連携,提出締め切り2027/4/20
2027/4/16,2027/5月給与連携,提出締め切り2027/4/20
2027/4/17,2027/5月給与連携,提出締め切り2027/4/20
2027/4/18,2027/5月給与連携,提出締め切り2027/4/20
2027/4/19,2027/5月給与連携,提出締め切り2027/4/20
2027/4/20,2027/5月給与連携,提出締め切り2027/4/20
2027/4/21,2027/6月給与連携,提出締め切り2027/5/20
2027/4/22,2027/6月給与連携,提出締め切り2027/5/20
2027/4/23,2027/6月給与連携,提出締め切り2027/5/20
2027/4/24,2027/6月給与連携,提出締め切り2027/5/20
2027/4/25,2027/6月給与連携,提出締め切り2027/5/20
2027/4/26,2027/6月給与連携,提出締め切り2027/5/20
2027/4/27,2027/6月給与連携,提出締め切り2027/5/20
2027/4/28,2027/6月給与連携,提出締め切り2027/5/20
2027/4/29,2027/6月給与連携,提出締め切り2027/5/20
2027/4/30,2027/6月給与連携,提出締め切り2027/5/20
2027/5/1,2027/6月給与連携,提出締め切り2027/5/20
2027/5/2,2027/6月給与連携,提出締め切り2027/5/20
2027/5/3,2027/6月給与連携,提出締め切り2027/5/20
2027/5/4,2027/6月給与連携,提出締め切り2027/5/20
2027/5/5,2027/6月給与連携,提出締め切り2027/5/20
2027/5/6,2027/6月給与連携,提出締め切り2027/5/20
2027/5/7,2027/6月給与連携,提出締め切り2027/5/20
2027/5/8,2027/6月給与連携,提出締め切り2027/5/20
2027/5/9,2027/6月給与連携,提出締め切り2027/5/20
2027/5/10,2027/6月給与連携,提出締め切り2027/5/20
2027/5/11,2027/6月給与連携,提出締め切り2027/5/20
2027/5/12,2027/6月給与連携,提出締め切り2027/5/20
2027/5/13,2027/6月給与連携,提出締め切り2027/5/20
2027/5/14,2027/6月給与連携,提出締め切り2027/5/20
2027/5/15,2027/6月給与連携,提出締め切り2027/5/20
2027/5/16,2027/6月給与連携,提出締め切り2027/5/20
2027/5/17,2027/6月給与連携,提出締め切り2027/5/20
2027/5/18,2027/6月給与連携,提出締め切り2027/5/20
2027/5/19,2027/6月給与連携,提出締め切り2027/5/20
2027/5/20,2027/6月給与連携,提出締め切り2027/5/20
2027/5/21,2027/7月給与連携,提出締め切り2027/6/18
2027/5/22,2027/7月給与連携,提出締め切り2027/6/18
2027/5/23,2027/7月給与連携,提出締め切り2027/6/18
2027/5/24,2027/7月給与連携,提出締め切り2027/6/18
2027/5/25,2027/7月給与連携,提出締め切り2027/6/18
2027/5/26,2027/7月給与連携,提出締め切り2027/6/18
2027/5/27,2027/7月給与連携,提出締め切り2027/6/18
2027/5/28,2027/7月給与連携,提出締め切り2027/6/18
2027/5/29,2027/7月給与連携,提出締め切り2027/6/18
2027/5/30,2027/7月給与連携,提出締め切り2027/6/18
2027/5/31,2027/7月給与連携,提出締め切り2027/6/18
2027/6/1,2027/7月給与連携,提出締め切り2027/6/18
2027/6/2,2027/7月給与連携,提出締め切り2027/6/18
2027/6/3,2027/7月給与連携,提出締め切り2027/6/18
2027/6/4,2027/7月給与連携,提出締め切り2027/6/18
2027/6/5,2027/7月給与連携,提出締め切り2027/6/18
2027/6/6,2027/7月給与連携,提出締め切り2027/6/18
2027/6/7,2027/7月給与連携,提出締め切り2027/6/18
2027/6/8,2027/7月給与連携,提出締め切り2027/6/18
2027/6/9,2027/7月給与連携,提出締め切り2027/6/18
2027/6/10,2027/7月給与連携,提出締め切り2027/6/18
2027/6/11,2027/7月給与連携,提出締め切り2027/6/18
2027/6/12,2027/7月給与連携,提出締め切り2027/6/18
2027/6/13,2027/7月給与連携,提出締め切り2027/6/18
2027/6/14,2027/7月給与連携,提出締め切り2027/6/18
2027/6/15,2027/7月給与連携,提出締め切り2027/6/18
2027/6/16,2027/7月給与連携,提出締め切り2027/6/18
2027/6/17,2027/7月給与連携,提出締め切り2027/6/18
2027/6/18,2027/7月給与連携,提出締め切り2027/6/18
2027/6/19,2027/8月給与連携,提出締め切り2027/7/20
2027/6/20,2027/8月給与連携,提出締め切り2027/7/20
2027/6/21,2027/8月給与連携,提出締め切り2027/7/20
2027/6/22,2027/8月給与連携,提出締め切り2027/7/20
2027/6/23,2027/8月給与連携,提出締め切り2027/7/20
2027/6/24,2027/8月給与連携,提出締め切り2027/7/20
2027/6/25,2027/8月給与連携,提出締め切り2027/7/20
2027/6/26,2027/8月給与連携,提出締め切り2027/7/20
2027/6/27,2027/8月給与連携,提出締め切り2027/7/20
2027/6/28,2027/8月給与連携,提出締め切り2027/7/20
2027/6/29,2027/8月給与連携,提出締め切り2027/7/20
2027/6/30,2027/8月給与連携,提出締め切り2027/7/20
2027/7/1,2027/8月給与連携,提出締め切り2027/7/20
2027/7/2,2027/8月給与連携,提出締め切り2027/7/20
2027/7/3,2027/8月給与連携,提出締め切り2027/7/20
2027/7/4,2027/8月給与連携,提出締め切り2027/7/20
2027/7/5,2027/8月給与連携,提出締め切り2027/7/20
2027/7/6,2027/8月給与連携,提出締め切り2027/7/20
2027/7/7,2027/8月給与連携,提出締め切り2027/7/20
2027/7/8,2027/8月給与連携,提出締め切り2027/7/20
2027/7/9,2027/8月給与連携,提出締め切り2027/7/20
2027/7/10,2027/8月給与連携,提出締め切り2027/7/20
2027/7/11,2027/8月給与連携,提出締め切り2027/7/20
2027/7/12,2027/8月給与連携,提出締め切り2027/7/20
2027/7/13,2027/8月給与連携,提出締め切り2027/7/20
2027/7/14,2027/8月給与連携,提出締め切り2027/7/20
2027/7/15,2027/8月給与連携,提出締め切り2027/7/20
2027/7/16,2027/8月給与連携,提出締め切り2027/7/20
2027/7/17,2027/8月給与連携,提出締め切り2027/7/20
2027/7/18,2027/8月給与連携,提出締め切り2027/7/20
2027/7/19,2027/8月給与連携,提出締め切り2027/7/20
2027/7/20,2027/8月給与連携,提出締め切り2027/7/20
2027/7/21,2027/9月給与連携,提出締め切り2027/8/20
2027/7/22,2027/9月給与連携,提出締め切り2027/8/20
2027/7/23,2027/9月給与連携,提出締め切り2027/8/20
2027/7/24,2027/9月給与連携,提出締め切り2027/8/20
2027/7/25,2027/9月給与連携,提出締め切り2027/8/20
2027/7/26,2027/9月給与連携,提出締め切り2027/8/20
2027/7/27,2027/9月給与連携,提出締め切り2027/8/20
2027/7/28,2027/9月給与連携,提出締め切り2027/8/20
2027/7/29,2027/9月給与連携,提出締め切り2027/8/20
2027/7/30,2027/9月給与連携,提出締め切り2027/8/20
2027/7/31,2027/9月給与連携,提出締め切り2027/8/20
2027/8/1,2027/9月給与連携,提出締め切り2027/8/20
2027/8/2,2027/9月給与連携,提出締め切り2027/8/20
2027/8/3,2027/9月給与連携,提出締め切り2027/8/20
2027/8/4,2027/9月給与連携,提出締め切り2027/8/20
2027/8/5,2027/9月給与連携,提出締め切り2027/8/20
2027/8/6,2027/9月給与連携,提出締め切り2027/8/20
2027/8/7,2027/9月給与連携,提出締め切り2027/8/20
2027/8/8,2027/9月給与連携,提出締め切り2027/8/20
2027/8/9,2027/9月給与連携,提出締め切り2027/8/20
2027/8/10,2027/9月給与連携,提出締め切り2027/8/20
2027/8/11,2027/9月給与連携,提出締め切り2027/8/20
2027/8/12,2027/9月給与連携,提出締め切り2027/8/20
2027/8/13,2027/9月給与連携,提出締め切り2027/8/20
2027/8/14,2027/9月給与連携,提出締め切り2027/8/20
2027/8/15,2027/9月給与連携,提出締め切り2027/8/20
2027/8/16,2027/9月給与連携,提出締め切り2027/8/20
2027/8/17,2027/9月給与連携,提出締め切り2027/8/20
2027/8/18,2027/9月給与連携,提出締め切り2027/8/20
2027/8/19,2027/9月給与連携,提出締め切り2027/8/20
2027/8/20,2027/9月給与連携,提出締め切り2027/8/20
2027/8/21,2027/10月給与連携,提出締め切り2027/9/17
2027/8/22,2027/10月給与連携,提出締め切り2027/9/17
2027/8/23,2027/10月給与連携,提出締め切り2027/9/17
2027/8/24,2027/10月給与連携,提出締め切り2027/9/17
2027/8/25,2027/10月給与連携,提出締め切り2027/9/17
2027/8/26,2027/10月給与連携,提出締め切り2027/9/17
2027/8/27,2027/10月給与連携,提出締め切り2027/9/17
2027/8/28,2027/10月給与連携,提出締め切り2027/9/17
2027/8/29,2027/10月給与連携,提出締め切り2027/9/17
2027/8/30,2027/10月給与連携,提出締め切り2027/9/17
2027/8/31,2027/10月給与連携,提出締め切り2027/9/17
2027/9/1,2027/10月給与連携,提出締め切り2027/9/17
2027/9/2,2027/10月給与連携,提出締め切り2027/9/17
2027/9/3,2027/10月給与連携,提出締め切り2027/9/17
2027/9/4,2027/10月給与連携,提出締め切り2027/9/17
2027/9/5,2027/10月給与連携,提出締め切り2027/9/17
2027/9/6,2027/10月給与連携,提出締め切り2027/9/17
2027/9/7,2027/10月給与連携,提出締め切り2027/9/17
2027/9/8,2027/10月給与連携,提出締め切り2027/9/17
2027/9/9,2027/10月給与連携,提出締め切り2027/9/17
2027/9/10,2027/10月給与連携,提出締め切り2027/9/17
2027/9/11,2027/10月給与連携,提出締め切り2027/9/17
2027/9/12,2027/10月給与連携,提出締め切り2027/9/17
2027/9/13,2027/10月給与連携,提出締め切り2027/9/17
2027/9/14,2027/10月給与連携,提出締め切り2027/9/17
2027/9/15,2027/10月給与連携,提出締め切り2027/9/17
2027/9/16,2027/10月給与連携,提出締め切り2027/9/17
2027/9/17,2027/10月給与連携,提出締め切り2027/9/17
2027/9/18,2027/11月給与連携,提出締め切り2027/10/20
2027/9/19,2027/11月給与連携,提出締め切り2027/10/20
2027/9/20,2027/11月給与連携,提出締め切り2027/10/20
2027/9/21,2027/11月給与連携,提出締め切り2027/10/20
2027/9/22,2027/11月給与連携,提出締め切り2027/10/20
2027/9/23,2027/11月給与連携,提出締め切り2027/10/20
2027/9/24,2027/11月給与連携,提出締め切り2027/10/20
2027/9/25,2027/11月給与連携,提出締め切り2027/10/20
2027/9/26,2027/11月給与連携,提出締め切り2027/10/20
2027/9/27,2027/11月給与連携,提出締め切り2027/10/20
2027/9/28,2027/11月給与連携,提出締め切り2027/10/20
2027/9/29,2027/11月給与連携,提出締め切り2027/10/20
2027/9/30,2027/11月給与連携,提出締め切り2027/10/20
2027/10/1,2027/11月給与連携,提出締め切り2027/10/20
2027/10/2,2027/11月給与連携,提出締め切り2027/10/20
2027/10/3,2027/11月給与連携,提出締め切り2027/10/20
2027/10/4,2027/11月給与連携,提出締め切り2027/10/20
2027/10/5,2027/11月給与連携,提出締め切り2027/10/20
2027/10/6,2027/11月給与連携,提出締め切り2027/10/20
2027/10/7,2027/11月給与連携,提出締め切り2027/10/20
2027/10/8,2027/11月給与連携,提出締め切り2027/10/20
2027/10/9,2027/11月給与連携,提出締め切り2027/10/20
2027/10/10,2027/11月給与連携,提出締め切り2027/10/20
2027/10/11,2027/11月給与連携,提出締め切り2027/10/20
2027/10/12,2027/11月給与連携,提出締め切り2027/10/20
2027/10/13,2027/11月給与連携,提出締め切り2027/10/20
2027/10/14,2027/11月給与連携,提出締め切り2027/10/20
2027/10/15,2027/11月給与連携,提出締め切り2027/10/20
2027/10/16,2027/11月給与連携,提出締め切り2027/10/20
2027/10/17,2027/11月給与連携,提出締め切り2027/10/20
2027/10/18,2027/11月給与連携,提出締め切り2027/10/20
2027/10/19,2027/11月給与連携,提出締め切り2027/10/20
2027/10/20,2027/11月給与連携,提出締め切り2027/10/20
2027/10/21,2027/12月給与連携,提出締め切り2027/11/19
2027/10/22,2027/12月給与連携,提出締め切り2027/11/19
2027/10/23,2027/12月給与連携,提出締め切り2027/11/19
2027/10/24,2027/12月給与連携,提出締め切り2027/11/19
2027/10/25,2027/12月給与連携,提出締め切り2027/11/19
2027/10/26,2027/12月給与連携,提出締め切り2027/11/19
2027/10/27,2027/12月給与連携,提出締め切り2027/11/19
2027/10/28,2027/12月給与連携,提出締め切り2027/11/19
2027/10/29,2027/12月給与連携,提出締め切り2027/11/19
2027/10/30,2027/12月給与連携,提出締め切り2027/11/19
2027/10/31,2027/12月給与連携,提出締め切り2027/11/19
2027/11/1,2027/12月給与連携,提出締め切り2027/11/19
2027/11/2,2027/12月給与連携,提出締め切り2027/11/19
2027/11/3,2027/12月給与連携,提出締め切り2027/11/19
2027/11/4,2027/12月給与連携,提出締め切り2027/11/19
2027/11/5,2027/12月給与連携,提出締め切り2027/11/19
2027/11/6,2027/12月給与連携,提出締め切り2027/11/19
2027/11/7,2027/12月給与連携,提出締め切り2027/11/19
2027/11/8,2027/12月給与連携,提出締め切り2027/11/19
2027/11/9,2027/12月給与連携,提出締め切り2027/11/19
2027/11/10,2027/12月給与連携,提出締め切り2027/11/19
2027/11/11,2027/12月給与連携,提出締め切り2027/11/19
2027/11/12,2027/12月給与連携,提出締め切り2027/11/19
2027/11/13,2027/12月給与連携,提出締め切り2027/11/19
2027/11/14,2027/12月給与連携,提出締め切り2027/11/19
2027/11/15,2027/12月給与連携,提出締め切り2027/11/19
2027/11/16,2027/12月給与連携,提出締め切り2027/11/19
2027/11/17,2027/12月給与連携,提出締め切り2027/11/19
2027/11/18,2027/12月給与連携,提出締め切り2027/11/19
2027/11/19,2027/12月給与連携,提出締め切り2027/11/19
2027/11/20,2028/1月給与連携,提出締め切り2027/12/20
2027/11/21,2028/1月給与連携,提出締め切り2027/12/20
2027/11/22,2028/1月給与連携,提出締め切り2027/12/20
2027/11/23,2028/1月給与連携,提出締め切り2027/12/20
2027/11/24,2028/1月給与連携,提出締め切り2027/12/20
2027/11/25,2028/1月給与連携,提出締め切り2027/12/20
2027/11/26,2028/1月給与連携,提出締め切り2027/12/20
2027/11/27,2028/1月給与連携,提出締め切り2027/12/20
2027/11/28,2028/1月給与連携,提出締め切り2027/12/20
2027/11/29,2028/1月給与連携,提出締め切り2027/12/20
2027/11/30,2028/1月給与連携,提出締め切り2027/12/20
2027/12/1,2028/1月給与連携,提出締め切り2027/12/20
2027/12/2,2028/1月給与連携,提出締め切り2027/12/20
2027/12/3,2028/1月給与連携,提出締め切り2027/12/20
2027/12/4,2028/1月給与連携,提出締め切り2027/12/20
2027/12/5,2028/1月給与連携,提出締め切り2027/12/20
2027/12/6,2028/1月給与連携,提出締め切り2027/12/20
2027/12/7,2028/1月給与連携,提出締め切り2027/12/20
2027/12/8,2028/1月給与連携,提出締め切り2027/12/20
2027/12/9,2028/1月給与連携,提出締め切り2027/12/20
2027/12/10,2028/1月給与連携,提出締め切り2027/12/20
2027/12/11,2028/1月給与連携,提出締め切り2027/12/20
2027/12/12,2028/1月給与連携,提出締め切り2027/12/20
2027/12/13,2028/1月給与連携,提出締め切り2027/12/20
2027/12/14,2028/1月給与連携,提出締め切り2027/12/20
2027/12/15,2028/1月給与連携,提出締め切り2027/12/20
2027/12/16,2028/1月給与連携,提出締め切り2027/12/20
2027/12/17,2028/1月給与連携,提出締め切り2027/12/20
2027/12/18,2028/1月給与連携,提出締め切り2027/12/20
2027/12/19,2028/1月給与連携,提出締め切り2027/12/20
2027/12/20,2028/1月給与連携,提出締め切り2027/12/20
2027/12/21,2028/2月給与連携,提出締め切り2028/1/20
2027/12/22,2028/2月給与連携,提出締め切り2028/1/20
2027/12/23,2028/2月給与連携,提出締め切り2028/1/20
2027/12/24,2028/2月給与連携,提出締め切り2028/1/20
2027/12/25,2028/2月給与連携,提出締め切り2028/1/20
2027/12/26,2028/2月給与連携,提出締め切り2028/1/20
2027/12/27,2028/2月給与連携,提出締め切り2028/1/20
2027/12/28,2028/2月給与連携,提出締め切り2028/1/20
2027/12/29,2028/2月給与連携,提出締め切り2028/1/20
2027/12/30,2028/2月給与連携,提出締め切り2028/1/20
2027/12/31,2028/2月給与連携,提出締め切り2028/1/20
2028/1/1,2028/2月給与連携,提出締め切り2028/1/20
2028/1/2,2028/2月給与連携,提出締め切り2028/1/20
2028/1/3,2028/2月給与連携,提出締め切り2028/1/20
2028/1/4,2028/2月給与連携,提出締め切り2028/1/20
2028/1/5,2028/2月給与連携,提出締め切り2028/1/20
2028/1/6,2028/2月給与連携,提出締め切り2028/1/20
2028/1/7,2028/2月給与連携,提出締め切り2028/1/20
2028/1/8,2028/2月給与連携,提出締め切り2028/1/20
2028/1/9,2028/2月給与連携,提出締め切り2028/1/20
2028/1/10,2028/2月給与連携,提出締め切り2028/1/20
2028/1/11,2028/2月給与連携,提出締め切り2028/1/20
2028/1/12,2028/2月給与連携,提出締め切り2028/1/20
2028/1/13,2028/2月給与連携,提出締め切り2028/1/20
2028/1/14,2028/2月給与連携,提出締め切り2028/1/20
2028/1/15,2028/2月給与連携,提出締め切り2028/1/20
2028/1/16,2028/2月給与連携,提出締め切り2028/1/20
2028/1/17,2028/2月給与連携,提出締め切り2028/1/20
2028/1/18,2028/2月給与連携,提出締め切り2028/1/20
2028/1/19,2028/2月給与連携,提出締め切り2028/1/20
2028/1/20,2028/2月給与連携,提出締め切り2028/1/20
2028/1/21,2028/3月給与連携,提出締め切り2028/2/18
2028/1/22,2028/3月給与連携,提出締め切り2028/2/18
2028/1/23,2028/3月給与連携,提出締め切り2028/2/18
2028/1/24,2028/3月給与連携,提出締め切り2028/2/18
2028/1/25,2028/3月給与連携,提出締め切り2028/2/18
2028/1/26,2028/3月給与連携,提出締め切り2028/2/18
2028/1/27,2028/3月給与連携,提出締め切り2028/2/18
2028/1/28,2028/3月給与連携,提出締め切り2028/2/18
2028/1/29,2028/3月給与連携,提出締め切り2028/2/18
2028/1/30,2028/3月給与連携,提出締め切り2028/2/18
2028/1/31,2028/3月給与連携,提出締め切り2028/2/18
2028/2/1,2028/3月給与連携,提出締め切り2028/2/18
2028/2/2,2028/3月給与連携,提出締め切り2028/2/18
2028/2/3,2028/3月給与連携,提出締め切り2028/2/18
2028/2/4,2028/3月給与連携,提出締め切り2028/2/18
2028/2/5,2028/3月給与連携,提出締め切り2028/2/18
2028/2/6,2028/3月給与連携,提出締め切り2028/2/18
2028/2/7,2028/3月給与連携,提出締め切り2028/2/18
2028/2/8,2028/3月給与連携,提出締め切り2028/2/18
2028/2/9,2028/3月給与連携,提出締め切り2028/2/18
2028/2/10,2028/3月給与連携,提出締め切り2028/2/18
2028/2/11,2028/3月給与連携,提出締め切り2028/2/18
2028/2/12,2028/3月給与連携,提出締め切り2028/2/18
2028/2/13,2028/3月給与連携,提出締め切り2028/2/18
2028/2/14,2028/3月給与連携,提出締め切り2028/2/18
2028/2/15,2028/3月給与連携,提出締め切り2028/2/18
2028/2/16,2028/3月給与連携,提出締め切り2028/2/18
2028/2/17,2028/3月給与連携,提出締め切り2028/2/18
2028/2/18,2028/3月給与連携,提出締め切り2028/2/18
2028/2/19,2028/4月給与連携,提出締め切り2028/3/17
2028/2/20,2028/4月給与連携,提出締め切り2028/3/17
2028/2/21,2028/4月給与連携,提出締め切り2028/3/17
2028/2/22,2028/4月給与連携,提出締め切り2028/3/17
2028/2/23,2028/4月給与連携,提出締め切り2028/3/17
2028/2/24,2028/4月給与連携,提出締め切り2028/3/17
2028/2/25,2028/4月給与連携,提出締め切り2028/3/17
2028/2/26,2028/4月給与連携,提出締め切り2028/3/17
2028/2/27,2028/4月給与連携,提出締め切り2028/3/17
2028/2/28,2028/4月給与連携,提出締め切り2028/3/17
2028/2/29,2028/4月給与連携,提出締め切り2028/3/17
2028/3/1,2028/4月給与連携,提出締め切り2028/3/17
2028/3/2,2028/4月給与連携,提出締め切り2028/3/17
2028/3/3,2028/4月給与連携,提出締め切り2028/3/17
2028/3/4,2028/4月給与連携,提出締め切り2028/3/17
2028/3/5,2028/4月給与連携,提出締め切り2028/3/17
2028/3/6,2028/4月給与連携,提出締め切り2028/3/17
2028/3/7,2028/4月給与連携,提出締め切り2028/3/17
2028/3/8,2028/4月給与連携,提出締め切り2028/3/17
2028/3/9,2028/4月給与連携,提出締め切り2028/3/17
2028/3/10,2028/4月給与連携,提出締め切り2028/3/17
2028/3/11,2028/4月給与連携,提出締め切り2028/3/17
2028/3/12,2028/4月給与連携,提出締め切り2028/3/17
2028/3/13,2028/4月給与連携,提出締め切り2028/3/17
2028/3/14,2028/4月給与連携,提出締め切り2028/3/17
2028/3/15,2028/4月給与連携,提出締め切り2028/3/17
2028/3/16,2028/4月給与連携,提出締め切り2028/3/17
2028/3/17,2028/4月給与連携,提出締め切り2028/3/17
2028/3/18,2028/5月給与連携,提出締め切り2028/4/20
2028/3/19,2028/5月給与連携,提出締め切り2028/4/20
2028/3/20,2028/5月給与連携,提出締め切り2028/4/20
2028/3/21,2028/5月給与連携,提出締め切り2028/4/20
2028/3/22,2028/5月給与連携,提出締め切り2028/4/20
2028/3/23,2028/5月給与連携,提出締め切り2028/4/20
2028/3/24,2028/5月給与連携,提出締め切り2028/4/20
2028/3/25,2028/5月給与連携,提出締め切り2028/4/20
2028/3/26,2028/5月給与連携,提出締め切り2028/4/20
2028/3/27,2028/5月給与連携,提出締め切り2028/4/20
2028/3/28,2028/5月給与連携,提出締め切り2028/4/20
2028/3/29,2028/5月給与連携,提出締め切り2028/4/20
2028/3/30,2028/5月給与連携,提出締め切り2028/4/20
2028/3/31,2028/5月給与連携,提出締め切り2028/4/20
2028/4/1,2028/5月給与連携,提出締め切り2028/4/20
2028/4/2,2028/5月給与連携,提出締め切り2028/4/20
2028/4/3,2028/5月給与連携,提出締め切り2028/4/20
2028/4/4,2028/5月給与連携,提出締め切り2028/4/20
2028/4/5,2028/5月給与連携,提出締め切り2028/4/20
2028/4/6,2028/5月給与連携,提出締め切り2028/4/20
2028/4/7,2028/5月給与連携,提出締め切り2028/4/20
2028/4/8,2028/5月給与連携,提出締め切り2028/4/20
2028/4/9,2028/5月給与連携,提出締め切り2028/4/20
2028/4/10,2028/5月給与連携,提出締め切り2028/4/20
2028/4/11,2028/5月給与連携,提出締め切り2028/4/20
2028/4/12,2028/5月給与連携,提出締め切り2028/4/20
2028/4/13,2028/5月給与連携,提出締め切り2028/4/20
2028/4/14,2028/5月給与連携,提出締め切り2028/4/20
2028/4/15,2028/5月給与連携,提出締め切り2028/4/20
2028/4/16,2028/5月給与連携,提出締め切り2028/4/20
2028/4/17,2028/5月給与連携,提出締め切り2028/4/20
2028/4/18,2028/5月給与連携,提出締め切り2028/4/20
2028/4/19,2028/5月給与連携,提出締め切り2028/4/20
2028/4/20,2028/5月給与連携,提出締め切り2028/4/20
2028/4/21,2028/6月給与連携,提出締め切り2028/5/19
2028/4/22,2028/6月給与連携,提出締め切り2028/5/19
2028/4/23,2028/6月給与連携,提出締め切り2028/5/19
2028/4/24,2028/6月給与連携,提出締め切り2028/5/19
2028/4/25,2028/6月給与連携,提出締め切り2028/5/19
2028/4/26,2028/6月給与連携,提出締め切り2028/5/19
2028/4/27,2028/6月給与連携,提出締め切り2028/5/19
2028/4/28,2028/6月給与連携,提出締め切り2028/5/19
2028/4/29,2028/6月給与連携,提出締め切り2028/5/19
2028/4/30,2028/6月給与連携,提出締め切り2028/5/19
2028/5/1,2028/6月給与連携,提出締め切り2028/5/19
2028/5/2,2028/6月給与連携,提出締め切り2028/5/19
2028/5/3,2028/6月給与連携,提出締め切り2028/5/19
2028/5/4,2028/6月給与連携,提出締め切り2028/5/19
2028/5/5,2028/6月給与連携,提出締め切り2028/5/19
2028/5/6,2028/6月給与連携,提出締め切り2028/5/19
2028/5/7,2028/6月給与連携,提出締め切り2028/5/19
2028/5/8,2028/6月給与連携,提出締め切り2028/5/19
2028/5/9,2028/6月給与連携,提出締め切り2028/5/19
2028/5/10,2028/6月給与連携,提出締め切り2028/5/19
2028/5/11,2028/6月給与連携,提出締め切り2028/5/19
2028/5/12,2028/6月給与連携,提出締め切り2028/5/19
2028/5/13,2028/6月給与連携,提出締め切り2028/5/19
2028/5/14,2028/6月給与連携,提出締め切り2028/5/19
2028/5/15,2028/6月給与連携,提出締め切り2028/5/19
2028/5/16,2028/6月給与連携,提出締め切り2028/5/19
2028/5/17,2028/6月給与連携,提出締め切り2028/5/19
2028/5/18,2028/6月給与連携,提出締め切り2028/5/19
2028/5/19,2028/6月給与連携,提出締め切り2028/5/19
2028/5/20,2028/7月給与連携,提出締め切り2028/6/20
2028/5/21,2028/7月給与連携,提出締め切り2028/6/20
2028/5/22,2028/7月給与連携,提出締め切り2028/6/20
2028/5/23,2028/7月給与連携,提出締め切り2028/6/20
2028/5/24,2028/7月給与連携,提出締め切り2028/6/20
2028/5/25,2028/7月給与連携,提出締め切り2028/6/20
2028/5/26,2028/7月給与連携,提出締め切り2028/6/20
2028/5/27,2028/7月給与連携,提出締め切り2028/6/20
2028/5/28,2028/7月給与連携,提出締め切り2028/6/20
2028/5/29,2028/7月給与連携,提出締め切り2028/6/20
2028/5/30,2028/7月給与連携,提出締め切り2028/6/20
2028/5/31,2028/7月給与連携,提出締め切り2028/6/20
2028/6/1,2028/7月給与連携,提出締め切り2028/6/20
2028/6/2,2028/7月給与連携,提出締め切り2028/6/20
2028/6/3,2028/7月給与連携,提出締め切り2028/6/20
2028/6/4,2028/7月給与連携,提出締め切り2028/6/20
2028/6/5,2028/7月給与連携,提出締め切り2028/6/20
2028/6/6,2028/7月給与連携,提出締め切り2028/6/20
2028/6/7,2028/7月給与連携,提出締め切り2028/6/20
2028/6/8,2028/7月給与連携,提出締め切り2028/6/20
2028/6/9,2028/7月給与連携,提出締め切り2028/6/20
2028/6/10,2028/7月給与連携,提出締め切り2028/6/20
2028/6/11,2028/7月給与連携,提出締め切り2028/6/20
2028/6/12,2028/7月給与連携,提出締め切り2028/6/20
2028/6/13,2028/7月給与連携,提出締め切り2028/6/20
2028/6/14,2028/7月給与連携,提出締め切り2028/6/20
2028/6/15,2028/7月給与連携,提出締め切り2028/6/20
2028/6/16,2028/7月給与連携,提出締め切り2028/6/20
2028/6/17,2028/7月給与連携,提出締め切り2028/6/20
2028/6/18,2028/7月給与連携,提出締め切り2028/6/20
2028/6/19,2028/7月給与連携,提出締め切り2028/6/20
2028/6/20,2028/7月給与連携,提出締め切り2028/6/20
2028/6/21,2028/8月給与連携,提出締め切り2028/7/20
2028/6/22,2028/8月給与連携,提出締め切り2028/7/20
2028/6/23,2028/8月給与連携,提出締め切り2028/7/20
2028/6/24,2028/8月給与連携,提出締め切り2028/7/20
2028/6/25,2028/8月給与連携,提出締め切り2028/7/20
2028/6/26,2028/8月給与連携,提出締め切り2028/7/20
2028/6/27,2028/8月給与連携,提出締め切り2028/7/20
2028/6/28,2028/8月給与連携,提出締め切り2028/7/20
2028/6/29,2028/8月給与連携,提出締め切り2028/7/20
2028/6/30,2028/8月給与連携,提出締め切り2028/7/20
2028/7/1,2028/8月給与連携,提出締め切り2028/7/20
2028/7/2,2028/8月給与連携,提出締め切り2028/7/20
2028/7/3,2028/8月給与連携,提出締め切り2028/7/20
2028/7/4,2028/8月給与連携,提出締め切り2028/7/20
2028/7/5,2028/8月給与連携,提出締め切り2028/7/20
2028/7/6,2028/8月給与連携,提出締め切り2028/7/20
2028/7/7,2028/8月給与連携,提出締め切り2028/7/20
2028/7/8,2028/8月給与連携,提出締め切り2028/7/20
2028/7/9,2028/8月給与連携,提出締め切り2028/7/20
2028/7/10,2028/8月給与連携,提出締め切り2028/7/20
2028/7/11,2028/8月給与連携,提出締め切り2028/7/20
2028/7/12,2028/8月給与連携,提出締め切り2028/7/20
2028/7/13,2028/8月給与連携,提出締め切り2028/7/20
2028/7/14,2028/8月給与連携,提出締め切り2028/7/20
2028/7/15,2028/8月給与連携,提出締め切り2028/7/20
2028/7/16,2028/8月給与連携,提出締め切り2028/7/20
2028/7/17,2028/8月給与連携,提出締め切り2028/7/20
2028/7/18,2028/8月給与連携,提出締め切り2028/7/20
2028/7/19,2028/8月給与連携,提出締め切り2028/7/20
2028/7/20,2028/8月給与連携,提出締め切り2028/7/20
2028/7/21,2028/9月給与連携,提出締め切り2028/8/18
2028/7/22,2028/9月給与連携,提出締め切り2028/8/18
2028/7/23,2028/9月給与連携,提出締め切り2028/8/18
2028/7/24,2028/9月給与連携,提出締め切り2028/8/18
2028/7/25,2028/9月給与連携,提出締め切り2028/8/18
2028/7/26,2028/9月給与連携,提出締め切り2028/8/18
2028/7/27,2028/9月給与連携,提出締め切り2028/8/18
2028/7/28,2028/9月給与連携,提出締め切り2028/8/18
2028/7/29,2028/9月給与連携,提出締め切り2028/8/18
2028/7/30,2028/9月給与連携,提出締め切り2028/8/18
2028/7/31,2028/9月給与連携,提出締め切り2028/8/18
2028/8/1,2028/9月給与連携,提出締め切り2028/8/18
2028/8/2,2028/9月給与連携,提出締め切り2028/8/18
2028/8/3,2028/9月給与連携,提出締め切り2028/8/18
2028/8/4,2028/9月給与連携,提出締め切り2028/8/18
2028/8/5,2028/9月給与連携,提出締め切り2028/8/18
2028/8/6,2028/9月給与連携,提出締め切り2028/8/18
2028/8/7,2028/9月給与連携,提出締め切り2028/8/18
2028/8/8,2028/9月給与連携,提出締め切り2028/8/18
2028/8/9,2028/9月給与連携,提出締め切り2028/8/18
2028/8/10,2028/9月給与連携,提出締め切り2028/8/18
2028/8/11,2028/9月給与連携,提出締め切り2028/8/18
2028/8/12,2028/9月給与連携,提出締め切り2028/8/18
2028/8/13,2028/9月給与連携,提出締め切り2028/8/18
2028/8/14,2028/9月給与連携,提出締め切り2028/8/18
2028/8/15,2028/9月給与連携,提出締め切り2028/8/18
2028/8/16,2028/9月給与連携,提出締め切り2028/8/18
2028/8/17,2028/9月給与連携,提出締め切り2028/8/18
2028/8/18,2028/9月給与連携,提出締め切り2028/8/18
2028/8/19,2028/10月給与連携,提出締め切り2028/9/20
2028/8/20,2028/10月給与連携,提出締め切り2028/9/20
2028/8/21,2028/10月給与連携,提出締め切り2028/9/20
2028/8/22,2028/10月給与連携,提出締め切り2028/9/20
2028/8/23,2028/10月給与連携,提出締め切り2028/9/20
2028/8/24,2028/10月給与連携,提出締め切り2028/9/20
2028/8/25,2028/10月給与連携,提出締め切り2028/9/20
2028/8/26,2028/10月給与連携,提出締め切り2028/9/20
2028/8/27,2028/10月給与連携,提出締め切り2028/9/20
2028/8/28,2028/10月給与連携,提出締め切り2028/9/20
2028/8/29,2028/10月給与連携,提出締め切り2028/9/20
2028/8/30,2028/10月給与連携,提出締め切り2028/9/20
2028/8/31,2028/10月給与連携,提出締め切り2028/9/20
2028/9/1,2028/10月給与連携,提出締め切り2028/9/20
2028/9/2,2028/10月給与連携,提出締め切り2028/9/20
2028/9/3,2028/10月給与連携,提出締め切り2028/9/20
2028/9/4,2028/10月給与連携,提出締め切り2028/9/20
2028/9/5,2028/10月給与連携,提出締め切り2028/9/20
2028/9/6,2028/10月給与連携,提出締め切り2028/9/20
2028/9/7,2028/10月給与連携,提出締め切り2028/9/20
2028/9/8,2028/10月給与連携,提出締め切り2028/9/20
2028/9/9,2028/10月給与連携,提出締め切り2028/9/20
2028/9/10,2028/10月給与連携,提出締め切り2028/9/20
2028/9/11,2028/10月給与連携,提出締め切り2028/9/20
2028/9/12,2028/10月給与連携,提出締め切り2028/9/20
2028/9/13,2028/10月給与連携,提出締め切り2028/9/20
2028/9/14,2028/10月給与連携,提出締め切り2028/9/20
2028/9/15,2028/10月給与連携,提出締め切り2028/9/20
2028/9/16,2028/10月給与連携,提出締め切り2028/9/20
2028/9/17,2028/10月給与連携,提出締め切り2028/9/20
2028/9/18,2028/10月給与連携,提出締め切り2028/9/20
2028/9/19,2028/10月給与連携,提出締め切り2028/9/20
2028/9/20,2028/10月給与連携,提出締め切り2028/9/20
2028/9/21,2028/11月給与連携,提出締め切り2028/10/20
2028/9/22,2028/11月給与連携,提出締め切り2028/10/20
2028/9/23,2028/11月給与連携,提出締め切り2028/10/20
2028/9/24,2028/11月給与連携,提出締め切り2028/10/20
2028/9/25,2028/11月給与連携,提出締め切り2028/10/20
2028/9/26,2028/11月給与連携,提出締め切り2028/10/20
2028/9/27,2028/11月給与連携,提出締め切り2028/10/20
2028/9/28,2028/11月給与連携,提出締め切り2028/10/20
2028/9/29,2028/11月給与連携,提出締め切り2028/10/20
2028/9/30,2028/11月給与連携,提出締め切り2028/10/20
2028/10/1,2028/11月給与連携,提出締め切り2028/10/20
2028/10/2,2028/11月給与連携,提出締め切り2028/10/20
2028/10/3,2028/11月給与連携,提出締め切り2028/10/20
2028/10/4,2028/11月給与連携,提出締め切り2028/10/20
2028/10/5,2028/11月給与連携,提出締め切り2028/10/20
2028/10/6,2028/11月給与連携,提出締め切り2028/10/20
2028/10/7,2028/11月給与連携,提出締め切り2028/10/20
2028/10/8,2028/11月給与連携,提出締め切り2028/10/20
2028/10/9,2028/11月給与連携,提出締め切り2028/10/20
2028/10/10,2028/11月給与連携,提出締め切り2028/10/20
2028/10/11,2028/11月給与連携,提出締め切り2028/10/20
2028/10/12,2028/11月給与連携,提出締め切り2028/10/20
2028/10/13,2028/11月給与連携,提出締め切り2028/10/20
2028/10/14,2028/11月給与連携,提出締め切り2028/10/20
2028/10/15,2028/11月給与連携,提出締め切り2028/10/20
2028/10/16,2028/11月給与連携,提出締め切り2028/10/20
2028/10/17,2028/11月給与連携,提出締め切り2028/10/20
2028/10/18,2028/11月給与連携,提出締め切り2028/10/20
2028/10/19,2028/11月給与連携,提出締め切り2028/10/20
2028/10/20,2028/11月給与連携,提出締め切り2028/10/20
2028/10/21,2028/12月給与連携,提出締め切り2028/11/20
2028/10/22,2028/12月給与連携,提出締め切り2028/11/20
2028/10/23,2028/12月給与連携,提出締め切り2028/11/20
2028/10/24,2028/12月給与連携,提出締め切り2028/11/20
2028/10/25,2028/12月給与連携,提出締め切り2028/11/20
2028/10/26,2028/12月給与連携,提出締め切り2028/11/20
2028/10/27,2028/12月給与連携,提出締め切り2028/11/20
2028/10/28,2028/12月給与連携,提出締め切り2028/11/20
2028/10/29,2028/12月給与連携,提出締め切り2028/11/20
2028/10/30,2028/12月給与連携,提出締め切り2028/11/20
2028/10/31,2028/12月給与連携,提出締め切り2028/11/20
2028/11/1,2028/12月給与連携,提出締め切り2028/11/20
2028/11/2,2028/12月給与連携,提出締め切り2028/11/20
2028/11/3,2028/12月給与連携,提出締め切り2028/11/20
2028/11/4,2028/12月給与連携,提出締め切り2028/11/20
2028/11/5,2028/12月給与連携,提出締め切り2028/11/20
2028/11/6,2028/12月給与連携,提出締め切り2028/11/20
2028/11/7,2028/12月給与連携,提出締め切り2028/11/20
2028/11/8,2028/12月給与連携,提出締め切り2028/11/20
2028/11/9,2028/12月給与連携,提出締め切り2028/11/20
2028/11/10,2028/12月給与連携,提出締め切り2028/11/20
2028/11/11,2028/12月給与連携,提出締め切り2028/11/20
2028/11/12,2028/12月給与連携,提出締め切り2028/11/20
2028/11/13,2028/12月給与連携,提出締め切り2028/11/20
2028/11/14,2028/12月給与連携,提出締め切り2028/11/20
2028/11/15,2028/12月給与連携,提出締め切り2028/11/20
2028/11/16,2028/12月給与連携,提出締め切り2028/11/20
2028/11/17,2028/12月給与連携,提出締め切り2028/11/20
2028/11/18,2028/12月給与連携,提出締め切り2028/11/20
2028/11/19,2028/12月給与連携,提出締め切り2028/11/20
2028/11/20,2028/12月給与連携,提出締め切り2028/11/20
2028/11/21,2029/1月給与連携,提出締め切り2028/12/20
2028/11/22,2029/1月給与連携,提出締め切り2028/12/20
2028/11/23,2029/1月給与連携,提出締め切り2028/12/20
2028/11/24,2029/1月給与連携,提出締め切り2028/12/20
2028/11/25,2029/1月給与連携,提出締め切り2028/12/20
2028/11/26,2029/1月給与連携,提出締め切り2028/12/20
2028/11/27,2029/1月給与連携,提出締め切り2028/12/20
2028/11/28,2029/1月給与連携,提出締め切り2028/12/20
2028/11/29,2029/1月給与連携,提出締め切り2028/12/20
2028/11/30,2029/1月給与連携,提出締め切り2028/12/20
2028/12/1,2029/1月給与連携,提出締め切り2028/12/20
2028/12/2,2029/1月給与連携,提出締め切り2028/12/20
2028/12/3,2029/1月給与連携,提出締め切り2028/12/20
2028/12/4,2029/1月給与連携,提出締め切り2028/12/20
2028/12/5,2029/1月給与連携,提出締め切り2028/12/20
2028/12/6,2029/1月給与連携,提出締め切り2028/12/20
2028/12/7,2029/1月給与連携,提出締め切り2028/12/20
2028/12/8,2029/1月給与連携,提出締め切り2028/12/20
2028/12/9,2029/1月給与連携,提出締め切り2028/12/20
2028/12/10,2029/1月給与連携,提出締め切り2028/12/20
2028/12/11,2029/1月給与連携,提出締め切り2028/12/20
2028/12/12,2029/1月給与連携,提出締め切り2028/12/20
2028/12/13,2029/1月給与連携,提出締め切り2028/12/20
2028/12/14,2029/1月給与連携,提出締め切り2028/12/20
2028/12/15,2029/1月給与連携,提出締め切り2028/12/20
2028/12/16,2029/1月給与連携,提出締め切り2028/12/20
2028/12/17,2029/1月給与連携,提出締め切り2028/12/20
2028/12/18,2029/1月給与連携,提出締め切り2028/12/20
2028/12/19,2029/1月給与連携,提出締め切り2028/12/20
2028/12/20,2029/1月給与連携,提出締め切り2028/12/20
2028/12/21,2029/2月給与連携,提出締め切り2029/1/19
2028/12/22,2029/2月給与連携,提出締め切り2029/1/19
2028/12/23,2029/2月給与連携,提出締め切り2029/1/19
2028/12/24,2029/2月給与連携,提出締め切り2029/1/19
2028/12/25,2029/2月給与連携,提出締め切り2029/1/19
2028/12/26,2029/2月給与連携,提出締め切り2029/1/19
2028/12/27,2029/2月給与連携,提出締め切り2029/1/19
2028/12/28,2029/2月給与連携,提出締め切り2029/1/19
2028/12/29,2029/2月給与連携,提出締め切り2029/1/19
2028/12/30,2029/2月給与連携,提出締め切り2029/1/19
2028/12/31,2029/2月給与連携,提出締め切り2029/1/19
